Name,Innings,Runs Scored,Avg,Outs,SR,Balls Faced,Form_Score1_Runs,Form_Score1_Balls,Form_Score1_Out,Form_Score2_Runs,Form_Score2_Balls,Form_Score2_Out,Form_Score3_Runs,Form_Score3_Balls,Form_Score3_Out,Form_Avg,Form_SR,Form_Score,Debut,Foreign
Anand Rajan,0,0,0,0,0,0,11,6,1,,,,,,,,,0.8,1,0
Kedar Devdhar,0,0,0,0,0,0,28,23,1,,,,,,,,,0.8,1,0
Prasanth Padmanabhan,0,0,0,0,0,0,21,14,1,,,,,,,,,0.8,1,0
Shrikant Munde,0,0,0,0,0,0,5,8,1,,,,,,,,,0.8,1,0
Ray Price,0,0,0,0,0,0,2,7,1,,,,,,,,,0.8,1,1
KP Appanna,0,0,0,0,0,0,2,3,1,,,,,,,,,0.8,1,0
Ben Hilfenhaus,0,0,0,0,0,0,1,5,1,,,,,,,,,0.8,1,1
Tanmay Mishra,0,0,0,0,0,0,15,18,1,,,,,,,,,0.8,1,0
TP Sudhindra,0,0,0,0,0,0,13,8,0,,,,,,,,,0.8,1,0
Harmeet Singh - RR,0,0,0,0,0,0,9,8,1,,,,,,,,,0.8,1,0
Michael Neser,0,0,0,0,0,0,35,28,1,,,,,,,,,0.8,1,1
Pawan Suyal,0,0,0,0,0,0,0,2,1,,,,,,,,,0.8,1,0
John Hastings,0,0,0,0,0,0,15,12,1,,,,,,,,,0.8,1,1
Krishmar Santokie,0,0,0,0,0,0,0,1,1,,,,,,,,,0.8,1,1
Gurinder Singh Sandhu,0,0,0,0,0,0,5,9,1,,,,,,,,,0.8,1,1
Scott Boland,0,0,0,0,0,0,8,8,1,,,,,,,,,0.8,1,1
Tabraiz Shamsi,0,0,0,0,0,0,5,6,0,,,,,,,,,0.8,1,1
Shubham Agarwal,0,0,0,0,0,0,36,30,1,,,,,,,,,0.8,1,0
Matt Henry,0,0,0,0,0,0,7,6,1,,,,,,,,,0.8,1,1
T Natarajan,0,0,0,0,0,0,2,5,1,,,,,,,,,0.8,1,0
Nathu Singh,0,0,0,0,0,0,1,3,1,,,,,,,,,0.8,1,0
Tejas Baroka,0,0,0,0,0,0,0,1,1,,,,,,,,,0.8,1,0
KM Asif,0,0,0,0,0,0,0,1,0,,,,,,,,,0.8,1,0
Junior Dala,0,0,0,0,0,0,2,3,0,,,,,,,,,0.8,1,1
Kulwant Khejroliya,0,0,0,0,0,0,18,10,0,,,,,,,,,0.8,1,0
Lungi Ngidi,0,0,0,0,0,0,6,9,1,,,,,,,,,0.8,1,1
David Willey,0,0,0,0,0,0,11,7,1,,,,,,,,,0.8,1,1
Arshdeep Singh,0,0,0,0,0,0,0,1,0,,,,,,,,,0.8,1,0
Jason Behrendorff,0,0,0,0,0,0,0,1,0,,,,,,,,,0.8,1,1
Varun Chakravarthy,0,0,0,0,0,0,0,1,0,,,,,,,,,0.8,1,0
S Midhun,0,0,0,0,0,0,1,2,0,,,,,,,,,0.8,1,0
Sandeep Warrier,0,0,0,0,0,0,4,10,1,,,,,,,,,0.8,1,0
Scott Kuggeleijn,0,0,0,0,0,0,16,10,1,,,,,,,,,0.8,1,1
Anukul Roy,0,0,0,0,0,0,29,21,1,,,,,,,,,0.8,1,0
Oshane Thomas,0,0,0,0,0,0,2,5,1,,,,,,,,,0.8,1,1
James Pattinson,0,0,0,0,0,0,8,9,1,,,,,,,,,0.8,1,1
Aaron Finch,73,1737,26.31818182,66,130.6997743,1329,,,,,,,,,,,,0.8,0,1
Aavishkar Salvi,5,0,0,0,0,0,,,,,,,,,,,,0.8,0,0
AB de Villiers,143,4385,40.2293578,109,151.1026878,2902,,,,,,,,,,,,0.8,0,1
Abhimanyu Mithun,7,34,6.8,5,130.7692308,26,,,,,,,,,,,,0.8,0,0
Abhinav Mukund,3,19,19,1,86.36363636,22,,,,,,,,,,,,0.8,0,0
Abhishek Jhunjhunwala,18,217,16.69230769,13,103.3333333,210,,,,,,,,,,,,0.8,0,0
Abhishek Nayar,56,672,17.68421053,38,116.4644714,577,,,,,,,,,,,,0.8,0,0
Abhishek Raut,19,194,21.55555556,9,116.1676647,167,,,,,,,,,,,,0.8,0,0
Abu Nechim Ahmed,6,36,36,1,180,20,,,,,,,,,,,,0.8,0,0
Adam Gilchrist,80,2069,27.22368421,76,138.3946488,1495,,,,,,,,,,,,0.8,0,1
Aditya Tare,30,339,14.125,24,124.1758242,273,,,,,,,,,,,,0.8,0,0
Aiden Blizzard,7,120,17.14285714,7,133.3333333,90,,,,,,,,,,,,0.8,0,1
Ajinkya Rahane,133,3820,32.93103448,116,121.9278647,3133,,,,,,,,,,,,0.8,0,0
Ajit Agarkar,32,206,18.72727273,11,109.5744681,188,,,,,,,,,,,,0.8,0,0
Albie Morkel,75,974,23.75609756,41,139.9425287,696,,,,,,,,,,,,0.8,0,1
Alfonso Thomas,4,20,10,2,105.2631579,19,,,,,,,,,,,,0.8,0,1
Ali Murtaza,6,10,10,1,71.42857143,14,,,,,,,,,,,,0.8,0,0
Ambati Rayudu,140,3300,28.69565217,115,125.9541985,2620,,,,,,,,,,,,0.8,0,0
Amit Mishra,72,362,11.3125,32,93.05912596,389,,,,,,,,,,,,0.8,0,0
Amit Paunikar,5,49,12.25,4,84.48275862,58,,,,,,,,,,,,0.8,0,0
Amit Singh,8,2,0.5,4,20,10,,,,,,,,,,,,0.8,0,0
Andrew McDonald,10,123,24.6,5,123,100,,,,,,,,,,,,0.8,0,1
Andrew Symonds,37,974,36.07407407,27,125.6774194,775,,,,,,,,,,,,0.8,0,1
Ankeet Chavan,3,12,6,2,109.0909091,11,,,,,,,,,,,,0.8,0,0
Arun Karthik,8,51,10.2,5,100,51,,,,,,,,,,,,0.8,0,0
Asad Pathan,7,39,7.8,5,169.5652174,23,,,,,,,,,,,,0.8,0,0
Ashish Nehra,42,41,5.857142857,7,66.12903226,62,,,,,,,,,,,,0.8,0,0
Ashok Dinda,42,91,9.1,10,112.345679,81,,,,,,,,,,,,0.8,0,0
Ashok Menaria,23,401,19.0952381,21,112.6404494,356,,,,,,,,,,,,0.8,0,0
Balachandra Akhil,15,76,12.66666667,6,138.1818182,55,,,,,,,,,,,,0.8,0,0
Bharat Chipli,21,280,18.66666667,15,111.5537849,251,,,,,,,,,,,,0.8,0,0
Bhargav Bhatt,2,6,6,1,85.71428571,7,,,,,,,,,,,,0.8,0,0
Bhuvneshwar Kumar,41,183,7.625,24,95.3125,192,,,,,,,,,,,,0.8,0,0
Bipul Sharma,20,187,23.375,8,152.0325203,123,,,,,,,,,,,,0.8,0,0
Brad Haddin,1,18,18,1,163.6363636,11,,,,,,,,,,,,0.8,0,1
Brad Hodge,63,1400,33.33333333,42,125.2236136,1118,,,,,,,,,,,,0.8,0,1
Brendon Mccullum,109,2880,27.69230769,104,132.3529412,2176,,,,,,,,,,,,0.8,0,1
Brett Lee,22,124,12.4,10,127.8350515,97,,,,,,,,,,,,0.8,0,1
Callum Ferguson,8,98,16.33333333,6,83.76068376,117,,,,,,,,,,,,0.8,0,1
Cameron White,47,954,26.5,36,126.3576159,755,,,,,,,,,,,,0.8,0,1
Charl Langveldt,5,8,8,1,88.88888889,9,,,,,,,,,,,,0.8,0,1
Cheteshwar Pujara,26,390,20.52631579,19,99.74424552,391,,,,,,,,,,,,0.8,0,0
Chris Gayle,123,4483,41.12844037,109,151.2483131,2964,,,,,,,,,,,,0.8,0,1
Colin Ingram,14,192,16,12,114.2857143,168,,,,,,,,,,,,0.8,0,1
Dale Steyn,54,204,8.869565217,23,107.9365079,189,,,,,,,,,,,,0.8,0,1
Dan Christian,34,446,19.39130435,23,119.2513369,374,,,,,,,,,,,,0.8,0,1
Daniel Vettori,21,121,13.44444444,9,107.079646,113,,,,,,,,,,,,0.8,0,1
David Hussey,61,1322,26.97959184,49,122.9767442,1075,,,,,,,,,,,,0.8,0,1
David Warner,125,4687,43.39814815,108,142.245827,3295,,,,,,,,,,,,0.8,0,1
Davy Jacobs,7,92,13.14285714,7,93.87755102,98,,,,,,,,,,,,0.8,0,1
Dhawal Kulkarni,34,101,11.22222222,9,95.28301887,106,,,,,,,,,,,,0.8,0,0
Dilhara Fernando,10,4,4,0,133.3333333,3,,,,,,,,,,,,0.8,0,1
Dimitri Mascarenhas,12,79,8.777777778,9,101.2820513,78,,,,,,,,,,,,0.8,0,1
Dinesh Karthik,167,3589,26.78358209,134,129.007908,2782,,,,,,,,,,,,0.8,0,0
Dirk Nannes,22,4,4,1,30.76,13,,,,,,,,,,,,0.8,0,1
Dishant Yagnik,17,170,17,10,124.0875912,137,,,,,,,,,,,,0.8,0,0
Doug Bollinger,10,21,21,1,91.30434783,23,,,,,,,,,,,,0.8,0,1
Dwaraka Ravi Teja,29,375,19.73684211,19,118.29653,317,,,,,,,,,,,,0.8,0,0
Dwayne Bravo,105,1523,23.796875,64,128.5232068,1185,,,,,,,,,,,,0.8,0,1
Eoin Morgan,47,854,21.35,40,121.1347518,705,,,,,,,,,,,,0.8,0,1
Faiz Fazal,12,183,18.3,10,105.7803468,173,,,,,,,,,,,,0.8,0,0
Gautam Gambhir,153,4217,31.00735294,136,124.1024132,3398,,,,,,,,,,,,0.8,0,0
George Bailey,37,663,24.55555556,27,121.875,544,,,,,,,,,,,,0.8,0,1
Gnanes Rao,1,19,19,1,111.7647059,17,,,,,,,,,,,,0.8,0,0
Graeme Smith,29,739,28.42307692,26,110.6287425,668,,,,,,,,,,,,0.8,0,1
Harbhajan Singh,98,829,15.64150943,53,138.1666667,600,,,,,,,,,,,,0.8,0,0
Harmeet Singh,18,18,6,3,150,12,,,,,,,,,,,,0.8,0,0
Harpreet Singh,3,20,10,2,76.92307692,26,,,,,,,,,,,,0.8,0,0
Iqbal Abdulla,15,88,29.33333333,3,104.7619048,84,,,,,,,,,,,,0.8,0,0
Irfan Pathan,89,1139,21.49056604,53,120.4016913,946,,,,,,,,,,,,0.8,0,0
Ishan Malhotra,1,7,7,0,175,4,,,,,,,,,,,,0.8,0,0
Ishank Jaggi,7,76,15.2,5,78.35051546,97,,,,,,,,,,,,0.8,0,0
Ishant Sharma,39,55,9.166666667,6,90.16393443,61,,,,,,,,,,,,0.8,0,0
Jacob Oram,16,106,13.25,8,98.14814815,108,,,,,,,,,,,,0.8,0,1
Jacques Kallis,96,2427,28.55294118,85,109.1276978,2224,,,,,,,,,,,,0.8,0,1
James Franklin,16,327,29.72727273,11,108.6378738,301,,,,,,,,,,,,0.8,0,1
James Hopes,19,417,26.0625,16,136.2745098,306,,,,,,,,,,,,0.8,0,1
Jaydev Unadkat,15,55,9.166666667,6,101.8518519,54,,,,,,,,,,,,0.8,0,0
Jerome Taylor,2,3,3,1,100,3,,,,,,,,,,,,0.8,0,1
Jesse Ryder,29,604,21.57142857,28,131.8777293,458,,,,,,,,,,,,0.8,0,1
Joginder Sharma,16,36,9,4,120,30,,,,,,,,,,,,0.8,0,0
Johan Botha,28,409,20.45,20,113.9275766,359,,,,,,,,,,,,0.8,0,1
JP Duminy,76,2029,39.78431373,51,123.2685298,1646,,,,,,,,,,,,0.8,0,1
Kamran Khan,8,3,3,1,60,5,,,,,,,,,,,,0.8,0,0
Kedar Jadhav,70,1079,22.95744681,47,126.4947245,853,,,,,,,,,,,,0.8,0,0
Kevin Pietersen,36,1001,37.07407407,27,134.7240915,743,,,,,,,,,,,,0.8,0,1
Kieron Pollard,132,2755,28.69791667,96,146.7767714,1877,,,,,,,,,,,,0.8,0,1
Kumar Sangakkara,71,1687,26.359375,64,121.1925287,1392,,,,,,,,,,,,0.8,0,1
Lakshmipathy Balaji,35,36,4.5,8,73.46938776,49,,,,,,,,,,,,0.8,0,0
Lasith Malinga,45,88,6.285714286,14,88.88888889,99,,,,,,,,,,,,0.8,0,1
Laxmi Ratan Shukla,40,406,15.03703704,27,115.3409091,352,,,,,,,,,,,,0.8,0,0
Luke Pomersbach,16,302,27.45454545,11,122.7642276,246,,,,,,,,,,,,0.8,0,1
Love Ablish,3,0,0,0,0,2,,,,,,,,,,,,0.8,0,0
Mahela Jayawardene,79,1802,28.6031746,63,123.255814,1462,,,,,,,,,,,,0.8,0,1
Mandeep Singh,85,1529,22.15942029,69,124.7145188,1226,,,,,,,,,,,,0.8,0,0
Manish Pandey,121,2843,29.30927835,97,120.8244794,2353,,,,,,,,,,,,0.8,0,0
Manoj Tiwary,90,1703,27.91803279,61,116.3251366,1464,,,,,,,,,,,,0.8,0,0
Manpreet Gony,34,99,9.9,10,139.4366197,71,,,,,,,,,,,,0.8,0,0
Manvinder Bisla,39,798,21,38,113.6752137,702,,,,,,,,,,,,0.8,0,0
Mark Boucher,29,394,28.14285714,14,127.5080906,309,,,,,,,,,,,,0.8,0,1
Matthew Wade,2,11,5.5,2,84.61538462,13,,,,,,,,,,,,0.8,0,1
Mayank Agarwal,71,1239,18.22058824,68,129.8742138,954,,,,,,,,,,,,0.8,0,0
Michael Hussey,59,1977,38.76470588,51,122.6426799,1612,,,,,,,,,,,,0.8,0,1
Michael Klinger,4,73,18.25,4,94.80519481,77,,,,,,,,,,,,0.8,0,1
Michael Lumb,12,278,23.16666667,12,143.2989691,194,,,,,,,,,,,,0.8,0,1
Mitchell Marsh,14,225,18.75,12,114.7959184,196,,,,,,,,,,,,0.8,0,1
Mithun Manhas,44,514,22.34782609,23,109.3617021,470,,,,,,,,,,,,0.8,0,0
Mohammed Kaif,25,259,14.38888889,18,103.6,250,,,,,,,,,,,,0.8,0,0
Mohnish Mishra,17,237,14.8125,16,113.9423077,208,,,,,,,,,,,,0.8,0,0
Moises Henriques,51,969,28.5,34,126.5013055,766,,,,,,,,,,,,0.8,0,1
Morne Morkel,22,126,10.5,12,140,90,,,,,,,,,,,,0.8,0,1
MS Dhoni,175,4432,42.20952381,105,137.8538103,3215,,,,,,,,,,,,0.8,0,0
Munaf Patel,34,39,6.5,6,95.12195122,41,,,,,,,,,,,,0.8,0,0
Murali Kartik,34,153,19.125,8,107.7464789,142,,,,,,,,,,,,0.8,0,0
Murali Vijay,102,2547,26.25773196,97,122.9247104,2072,,,,,,,,,,,,0.8,0,0
Muttiah Muralitharan,43,20,3.333333333,6,66.66666667,30,,,,,,,,,,,,0.8,0,1
Naman Ojha,93,1546,20.89189189,74,119.4744977,1294,,,,,,,,,,,,0.8,0,0
Nathan McCullum,3,38,19,2,115.1515152,33,,,,,,,,,,,,0.8,0,1
Nathan Rimmington,1,1,1,0,100,1,,,,,,,,,,,,0.8,0,1
Nayan Doshi,2,0,0,1,0,13,,,,,,,,,,,,0.8,0,0
Owais Shah,22,506,33.73333333,15,130.0771208,389,,,,,,,,,,,,0.8,0,1
Pankaj Singh,10,7,3.5,2,58.33333333,12,,,,,,,,,,,,0.8,0,0
Paras Dogra,13,127,11.54545455,11,92.02898551,138,,,,,,,,,,,,0.8,0,0
Parthiv Patel,135,2840,22.72,125,121.2121212,2343,,,,,,,,,,,,0.8,0,0
Paul Valthaty,23,505,22.95454545,22,120.8133971,418,,,,,,,,,,,,0.8,0,0
Pinal Shah,15,92,11.5,8,101.0989011,91,,,,,,,,,,,,0.8,0,0
Piyush Chawla,97,584,11.91836735,49,111.4503817,524,,,,,,,,,,,,0.8,0,0
Pradeep Sangwan,33,24,3.428571429,7,61.53846154,39,,,,,,,,,,,,0.8,0,0
Pragyan Ojha,53,16,1.333333333,12,35.55555556,45,,,,,,,,,,,,0.8,0,0
Prasanth Parameswaran,2,1,1,0,50,2,,,,,,,,,,,,0.8,0,0
Praveen Kumar,72,340,8.947368421,38,108.2802548,314,,,,,,,,,,,,0.8,0,0
Rahul Dravid,88,2174,28.23376623,77,115.5154091,1882,,,,,,,,,,,,0.8,0,0
Rahul Sharma,22,66,4.714285714,14,88,75,,,,,,,,,,,,0.8,0,0
Raiphi Gomez,9,50,10,5,98.03921569,51,,,,,,,,,,,,0.8,0,0
Rajagopal Sathish,26,270,15.88235294,17,116.8831169,231,,,,,,,,,,,,0.8,0,0
Rajat Bhatia,58,342,11.4,30,120.4225352,284,,,,,,,,,,,,0.8,0,0
Ramesh Powar,24,67,22.33333333,3,104.6875,64,,,,,,,,,,,,0.8,0,0
Ravichandran Ashwin,57,375,10.71428571,35,110.619469,339,,,,,,,,,,,,0.8,0,0
Ravindra Jadeja,130,1927,24.0875,80,122.6607257,1571,,,,,,,,,,,,0.8,0,0
Robin Uthappa,177,4429,28.75974026,154,130.3413773,3398,,,,,,,,,,,,0.8,0,0
Roelof van der Merwe,17,159,14.45454545,11,112.7659574,141,,,,,,,,,,,,0.8,0,1
Rohit Sharma,183,4897,32.00653595,153,131.0058855,3738,,,,,,,,,,,,0.8,0,0
Ross Taylor,54,1017,25.425,40,123.7226277,822,,,,,,,,,,,,0.8,0,1
RP Singh,52,52,3.466666667,15,68.42105263,76,,,,,,,,,,,,0.8,0,0
Ryan Harris,27,117,9.75,12,104.4642857,112,,,,,,,,,,,,0.8,0,1
Ryan Mclaren,16,159,19.875,8,92.98245614,171,,,,,,,,,,,,0.8,0,1
Ryan Ninan,1,3,3,1,50,6,,,,,,,,,,,,0.8,0,0
Ryan ten Doeschate,21,326,23.28571429,14,138.7234043,235,,,,,,,,,,,,0.8,0,1
S Sreesanth,33,34,8.5,4,61.81818182,55,,,,,,,,,,,,0.8,0,0
S Sriram,2,31,15.5,2,86.11111111,36,,,,,,,,,,,,0.8,0,0
SA Asnodkar,20,423,21.15,20,124.7787611,339,,,,,,,,,,,,0.8,0,0
Sachin Rana,9,94,18.8,5,109.3023256,86,,,,,,,,,,,,0.8,0,0
Sachin Tendulkar,78,2334,34.8358209,67,119.8151951,1948,,,,,,,,,,,,0.8,0,0
Sarabjit Ladda,5,0,0,1,0,9,,,,,,,,,,,,0.8,0,0
Saurabh Tiwary,65,1268,29.48837209,43,119.3973635,1062,,,,,,,,,,,,0.8,0,0
Scott Styris,11,131,18.71428571,7,98.4962406,133,,,,,,,,,,,,0.8,0,1
Shadab Jakati,23,28,28,1,96.55172414,29,,,,,,,,,,,,0.8,0,0
Shahbaz Nadeem,17,32,2.666666667,12,41.02564103,78,,,,,,,,,,,,0.8,0,0
Shakib Al Hasan,46,746,21.31428571,35,126.655348,589,,,,,,,,,,,,0.8,0,1
Shalabh Srivastava,10,5,5,1,100,5,,,,,,,,,,,,0.8,0,0
Shane Warne,47,255,12.14285714,21,102.4096386,249,,,,,,,,,,,,0.8,0,1
Shane Watson,130,3518,30.85964912,114,139.2164622,2527,,,,,,,,,,,,0.8,0,1
Shaun Marsh,69,2477,39.9516129,62,132.7438371,1866,,,,,,,,,,,,0.8,0,1
Shaun Tait,11,23,7.666666667,3,88.46153846,26,,,,,,,,,,,,0.8,0,1
Shikhar Dhawan,159,4579,32.94244604,139,125.1434818,3659,,,,,,,,,,,,0.8,0,0
Shreevats Goswami,20,293,16.27777778,18,100.6872852,291,,,,,,,,,,,,0.8,0,0
Shrikant Wagh,3,2,1,2,66.66666667,3,,,,,,,,,,,,0.8,0,0
Siddharth Chitnis,9,99,14.14285714,7,111.2359551,89,,,,,,,,,,,,0.8,0,0
Siddharth Trivedi,37,42,6,7,71.18644068,59,,,,,,,,,,,,0.8,0,0
Sourav Ganguly,58,1349,24.52727273,55,106.8091845,1263,,,,,,,,,,,,0.8,0,0
Sreenath Arvind,11,59,14.75,4,103.5087719,57,,,,,,,,,,,,0.8,0,0
Srikkanth Anirudha,14,136,17,8,120.3539823,113,,,,,,,,,,,,0.8,0,0
Stuart Binny,66,880,19.13043478,46,128.8433382,683,,,,,,,,,,,,0.8,0,0
Subramaniam Badrinath,74,1441,30.65957447,47,118.8943894,1212,,,,,,,,,,,,0.8,0,0
Sudeep Tyagi,14,3,3,0,75,4,,,,,,,,,,,,0.8,0,0
Sumit Narwal,6,37,12.33333333,3,137.037037,27,,,,,,,,,,,,0.8,0,0
Sunny Singh,5,43,10.75,4,138.7096774,31,,,,,,,,,,,,0.8,0,0
Sunny Sohal,21,368,18.4,20,121.8543046,302,,,,,,,,,,,,0.8,0,0
Suraj Randiv,1,2,2,1,50,4,,,,,,,,,,,,0.8,0,0
Suresh Raina,191,5368,33.34161491,161,137.0786517,3916,,,,,,,,,,,,0.8,0,0
Syed Mohammad,5,29,14.5,2,111.5384615,26,,,,,,,,,,,,0.8,0,0
Tanmay Srivastava,7,8,8,1,72.72727273,11,,,,,,,,,,,,0.8,0,0
Thisara Perera,31,422,19.18181818,22,137.4592834,307,,,,,,,,,,,,0.8,0,1
Tim Paine,2,10,5,2,38.46153846,26,,,,,,,,,,,,0.8,0,1
Tirumalsetti Suman,39,676,21.125,32,117.5652174,575,,,,,,,,,,,,0.8,0,0
TM Dilshan,51,1153,26.20454545,44,114.4985104,1007,,,,,,,,,,,,0.8,0,1
Travis Birt,5,75,15,5,100,75,,,,,,,,,,,,0.8,0,1
Umesh Yadav,39,122,9.384615385,13,96.82539683,126,,,,,,,,,,,,0.8,0,0
Unmukt Chandh,20,300,15,20,100,300,,,,,,,,,,,,0.8,0,0
van der Wath,3,18,9,2,112.5,16,,,,,,,,,,,,0.8,0,1
Varun Aaron,10,49,9.8,5,79.03225806,62,,,,,,,,,,,,0.8,0,0
Venugopal Rao,58,985,22.38636364,44,117.9640719,835,,,,,,,,,,,,0.8,0,0
Vikramjeet Malik,9,7,7,1,100,7,,,,,,,,,,,,0.8,0,0
Vinay Kumar,59,310,11.07142857,28,113.1386861,274,,,,,,,,,,,,0.8,0,0
Virat Kohli,174,5387,37.93661972,142,131.3582053,4101,,,,,,,,,,,,0.8,0,0
Virender Sehwag,104,2728,27.55555556,99,155.4415954,1755,,,,,,,,,,,,0.8,0,0
VVS Laxman,20,282,15.66666667,18,105.6179775,267,,,,,,,,,,,,0.8,0,0
Wayne Parnell,12,63,7,9,84,75,,,,,,,,,,,,0.8,0,1
Wriddhiman Saha,103,1765,23.85135135,74,131.1292719,1346,,,,,,,,,,,,0.8,0,0
Yo Mahesh,14,15,7.5,2,55.55555556,27,,,,,,,,,,,,0.8,0,0
Yogesh Nagar,20,285,20.35714286,14,110.03861,259,,,,,,,,,,,,0.8,0,0
Yusuf Pathan,154,3202,29.10909091,110,143.0102724,2239,,,,,,,,,,,,0.8,0,0
Yuvraj Singh,127,2750,24.77477477,111,129.7169811,2120,,,,,,,,,,,,0.8,0,0
Zaheer Khan,45,117,8.357142857,14,82.9787234,141,,,,,,,,,,,,0.8,0,0
Herschelle Gibbs,36,886,27.6875,32,109.7893432,807,,,,,,,,,,,,0.8,0,1
Angelo Mathews,45,724,23.35483871,31,125.9130435,575,,,,,,,,,,,,0.8,0,1
Ajit Chandila,2,4,4,0,57.14285714,7,,,,,,,,,,,,0.8,0,0
Ankit Sharma,10,87,12.42857143,7,129.8507463,67,,,,,,,,,,,,0.8,0,0
Ashish Reddy,23,280,18.66666667,15,145.0777202,193,,,,,,,,,,,,0.8,0,0
Chris Lynn,41,1280,33.68421053,38,140.6593407,910,,,,,,,,,,,,0.8,0,1
Nuwan Kulasekara,1,5,5,0,166.6666667,3,,,,,,,,,,,,0.8,0,1
Steven Smith,71,1984,36.74074074,54,129.0826285,1537,,,,,,,,,,,,0.8,0,1
P Awana,5,5,2.5,2,35.71428571,14,,,,,,,,,,,,0.8,0,0
Azhar Mahmood,21,388,20.42105263,19,128.0528053,303,,,,,,,,,,,,0.8,0,1
RR Bhatkal,1,0,0,1,0,2,,,,,,,,,,,,0.8,0,0
Doug Bracewell,1,12,12,0,133.3333333,9,,,,,,,,,,,,0.8,0,1
Michael Clarke,6,98,16.33333333,6,104.2553191,94,,,,,,,,,,,,0.8,0,1
Kevon Cooper,12,116,12.88888889,9,170.5882353,68,,,,,,,,,,,,0.8,0,1
Debarata Das,16,201,25.125,8,120.3592814,167,,,,,,,,,,,,0.8,0,0
Faf du Plessis,64,1853,31.40677966,59,126.744186,1462,,,,,,,,,,,,0.8,0,1
James Faulkner,45,527,20.26923077,26,135.4755784,389,,,,,,,,,,,,0.8,0,1
Sunny Gupta,1,0,0,1,0,1,,,,,,,,,,,,0.8,0,0
Gurkeerat Singh,26,434,18.86956522,23,128.0235988,339,,,,,,,,,,,,0.8,0,0
Daniel Harris,4,111,27.75,4,109.9009901,101,,,,,,,,,,,,0.8,0,1
Brad Hogg,4,22,7.333333333,3,100,22,,,,,,,,,,,,0.8,0,1
Richard Levi,6,83,13.83333333,6,113.6986301,73,,,,,,,,,,,,0.8,0,1
Clint McKay,1,8,8,1,53.33333333,15,,,,,,,,,,,,0.8,0,1
AP Majumdar,4,87,21.75,4,114.4736842,76,,,,,,,,,,,,0.8,0,0
Glenn Maxwell,67,1397,22.90163934,61,161.1303345,867,,,,,,,,,,,,0.8,0,1
David Miller,77,1850,34.25925926,54,138.7846962,1333,,,,,,,,,,,,0.8,0,1
Pawan Negi,34,361,14.44,25,126.2237762,286,,,,,,,,,,,,0.8,0,0
Harshal Patel,15,107,9.727272727,11,155.0724638,69,,,,,,,,,,,,0.8,0,0
Robin Peterson,3,15,5,3,83.33333333,18,,,,,,,,,,,,0.8,0,1
Veer Pratap Singh,1,0,0,1,0,1,,,,,,,,,,,,0.8,0,0
Akshath Reddy,10,164,16.4,10,102.5,160,,,,,,,,,,,,0.8,0,0
Andre Russell,52,1400,33.33333333,42,186.4181092,751,,,,,,,,,,,,0.8,0,1
Nitin Saini,10,140,14,10,99.29078014,141,,,,,,,,,,,,0.8,0,0
BB Samantray,9,159,31.8,5,114.3884892,139,,,,,,,,,,,,0.8,0,0
Marlon Samuels,14,161,12.38461538,13,93.60465116,172,,,,,,,,,,,,0.8,0,1
DR Smith,73,2063,29.47142857,70,134.1352406,1538,,,,,,,,,,,,0.8,0,1
Rusty Theron,2,8,8,0,114.2857143,7,,,,,,,,,,,,0.8,0,1
Krishnakant Upadhyay,2,12,12,1,133.3333333,9,,,,,,,,,,,,0.8,0,0
Suryakumar Yadav,71,1544,28.07272727,55,132.3050557,1167,,,,,,,,,,,,0.8,0,0
Sunil Narine,55,771,17.52272727,44,168.3406114,458,,,,,,,,,,,,0.8,0,1
Ricky Ponting,9,91,10.11111111,9,71.09375,128,,,,,,,,,,,,0.8,0,1
Luke Wright,5,106,21.2,5,176.6666667,60,,,,,,,,,,,,0.8,0,1
UA Birla,1,7,7,1,50,14,,,,,,,,,,,,0.8,0,0
Nathan Coulter-Nile,12,53,5.888888889,9,96.36363636,55,,,,,,,,,,,,0.8,0,1
Quinton De Kock,50,1456,30.33333333,48,131.28945,1109,,,,,,,,,,,,0.8,0,1
Rishi Dhawan,16,153,21.85714286,7,113.3333333,135,,,,,,,,,,,,0.8,0,0
CM Gautam,13,169,16.9,10,112.6666667,150,,,,,,,,,,,,0.8,0,0
Manprit Juneja,7,125,17.85714286,7,97.65625,128,,,,,,,,,,,,0.8,0,0
Siddarth Kaul,7,12,3,4,42.85714286,28,,,,,,,,,,,,0.8,0,0
Ben Laughlin,4,5,2.5,2,38.46153846,13,,,,,,,,,,,,0.8,0,1
Ajantha Mendis,3,25,8.333333333,3,83.33333333,30,,,,,,,,,,,,0.8,0,1
Jeevan Mendis,1,0,0,1,0,1,,,,,,,,,,,,0.8,0,1
Mohammed Shami,16,54,6,9,101.8867925,53,,,,,,,,,,,,0.8,0,0
Chris Morris,37,517,27.21052632,19,157.6219512,328,,,,,,,,,,,,0.8,0,1
Karun Nair,63,1464,24.81355932,59,128.5338016,1139,,,,,,,,,,,,0.8,0,0
Ishwar Pandey,1,0,0,1,0,2,,,,,,,,,,,,0.8,0,0
Parvez Rasool,4,17,8.5,2,85,20,,,,,,,,,,,,0.8,0,0
Kusal Perera,2,14,7,2,107.6923077,13,,,,,,,,,,,,0.8,0,1
KL Rahul,58,1977,41.1875,48,138.1551363,1431,,,,,,,,,,,,0.8,0,0
Ankit Rajpoot,5,17,4.25,4,54.83870968,31,,,,,,,,,,,,0.8,0,0
Ravi Rampaul,7,51,10.2,5,102,50,,,,,,,,,,,,0.8,0,1
Mahesh Rawat,1,5,5,1,45.45454545,11,,,,,,,,,,,,0.8,0,0
Kane Richardson,4,36,12,3,92.30769231,39,,,,,,,,,,,,0.8,0,1
Ben Rohrer,8,193,32.16666667,6,137.8571429,140,,,,,,,,,,,,0.8,0,1
Sachin Baby,10,137,17.125,8,135.6435644,101,,,,,,,,,,,,0.8,0,0
Sanju Samson,87,2147,27.17721519,79,129.1040289,1663,,,,,,,,,,,,0.8,0,0
Sandeep Sharma,16,32,10.66666667,3,76.19047619,42,,,,,,,,,,,,0.8,0,0
Sachitra Senanayake,4,10,10,1,58.82352941,17,,,,,,,,,,,,0.8,0,1
Karn Sharma,33,316,15.8,20,116.6051661,271,,,,,,,,,,,,0.8,0,0
Pravin Tambe,6,18,9,2,46.15384615,39,,,,,,,,,,,,0.8,0,0
Thalaivan Sargunam,1,10,10,1,58.82352941,17,,,,,,,,,,,,0.8,0,0
Hanuma Vihari,23,284,14.2,20,88.47352025,321,,,,,,,,,,,,0.8,0,0
Manan Vohra,45,1012,23.53488372,43,131.2581064,771,,,,,,,,,,,,0.8,0,0
Mitchell Johnson,28,167,12.84615385,13,101.8292683,164,,,,,,,,,,,,0.8,0,1
Mohit Sharma,26,122,7.176470588,17,104.2735043,117,,,,,,,,,,,,0.8,0,0
Darren Sammy,20,295,19.66666667,15,122.406639,241,,,,,,,,,,,,0.8,0,1
Tim Southee,13,115,14.375,8,127.7777778,90,,,,,,,,,,,,0.8,0,1
Rahul Shukla,3,18,18,1,85.71428571,21,,,,,,,,,,,,0.8,0,0
Jasprit Bumrah,10,35,8.75,4,92.10526316,38,,,,,,,,,,,,0.8,0,0
Yuzvendra Chahal,12,21,4.2,5,43.75,48,,,,,,,,,,,,0.8,0,0
Corey Anderson,29,538,24.45454545,22,127.1867612,423,,,,,,,,,,,,0.8,0,1
Ben Dunk,3,40,13.33333333,3,114.2857143,35,,,,,,,,,,,,0.8,0,1
Nic Maddinson,3,20,6.666666667,3,95.23809524,21,,,,,,,,,,,,0.8,0,1
James Neesham,3,42,14,3,91.30434783,46,,,,,,,,,,,,0.8,0,1
Axar Patel,62,796,18.95238095,42,126.3492063,630,,,,,,,,,,,,0.8,0,0
Rilee Rossouw,5,53,10.6,5,103.9215686,51,,,,,,,,,,,,0.8,0,1
Shivam Sharma,2,5,5,1,166.6666667,3,,,,,,,,,,,,0.8,0,0
Lendl Simmons,29,1079,39.96296296,27,126.6431925,852,,,,,,,,,,,,0.8,0,1
Mitchell Starc,11,96,13.71428571,7,97.95918367,98,,,,,,,,,,,,0.8,0,1
Yogesh Takawale,5,104,20.8,5,114.2857143,91,,,,,,,,,,,,0.8,0,0
Vijay Zol,2,29,14.5,2,111.5384615,26,,,,,,,,,,,,0.8,0,0
Marchant de Lange,1,1,1,1,50,2,,,,,,,,,,,,0.8,0,1
Jason Holder,5,38,7.6,5,122.5806452,31,,,,,,,,,,,,0.8,0,1
Ben Cutting,17,238,21.63636364,11,168.7943262,141,,,,,,,,,,,,0.8,0,1
Shreyas Gopal,14,127,14.11111111,9,107.6271186,118,,,,,,,,,,,,0.8,0,0
Beuran Hendricks,2,1,1,1,33.33333333,3,,,,,,,,,,,,0.8,0,1
Imran Tahir,7,20,4,5,74.07407407,27,,,,,,,,,,,,0.8,0,1
Karanveer Singh,4,12,12,1,70.58823529,17,,,,,,,,,,,,0.8,0,0
Rahul Tewatia,12,111,18.5,6,124.7191011,89,,,,,,,,,,,,0.8,0,0
Pat Cummins,9,77,12.83333333,6,140,55,,,,,,,,,,,,0.8,0,1
Sean Abbott,2,15,7.5,2,115.3846154,13,,,,,,,,,,,,0.8,0,1
Deepak Hooda,45,524,14.55555556,36,127.184466,412,,,,,,,,,,,,0.8,0,0
Shreyas Iyer,61,1681,30.56363636,55,126.9637462,1324,,,,,,,,,,,,0.8,0,0
Anureet Singh,8,36,9,4,76.59574468,47,,,,,,,,,,,,0.8,0,0
Ravi Bopara,8,145,29,5,120.8333333,120,,,,,,,,,,,,0.8,0,1
Sarfaraz Khan,22,408,27.2,15,142.6573427,286,,,,,,,,,,,,0.8,0,0
Mitchell McClenaghan,20,85,6.071428571,14,121.4285714,70,,,,,,,,,,,,0.8,0,1
Ronit More,1,2,2,0,100,2,,,,,,,,,,,,0.8,0,0
DJ Muthuswami,1,1,1,1,33.33333333,3,,,,,,,,,,,,0.8,0,0
Hardik Pandya,61,1068,28.86486486,37,154.7826087,690,,,,,,,,,,,,0.8,0,0
J Suchith,6,54,27,2,114.893617,47,,,,,,,,,,,,0.8,0,0
Shardul Thakur,8,36,7.2,5,171.4285714,21,,,,,,,,,,,,0.8,0,0
David Wiese,8,127,31.75,4,141.1111111,90,,,,,,,,,,,,0.8,0,1
Kane Williamson,41,1302,38.29411765,34,135.0622407,964,,,,,,,,,,,,0.8,0,1
KC Cariappa,5,24,8,3,114.2857143,21,,,,,,,,,,,,0.8,0,0
Barinder Sran,7,10,10,1,71.42857143,14,,,,,,,,,,,,0.8,0,0
Jayant Yadav,2,6,3,2,60,10,,,,,,,,,,,,0.8,0,0
Kyle Abbott,3,13,13,1,162.5,8,,,,,,,,,,,,0.8,0,1
Akshdeep Nath,9,78,8.666666667,9,89.65517241,87,,,,,,,,,,,,0.8,0,0
Hashim Amla,16,577,44.38461538,13,141.7690418,407,,,,,,,,,,,,0.8,0,1
Murugan Ashwin,5,4,1.333333333,3,50,8,,,,,,,,,,,,0.8,0,0
Farhaan Behardien,3,14,7,2,107.6923077,13,,,,,,,,,,,,0.8,0,1
Sam Billings,19,334,17.57894737,19,133.6,250,,,,,,,,,,,,0.8,0,1
Carlos Brathwaite,14,181,13.92307692,13,163.0630631,111,,,,,,,,,,,,0.8,0,1
Jos Buttler,45,1386,35.53846154,39,150.8161045,919,,,,,,,,,,,,0.8,0,1
Eklavya Dwivedi,2,24,12,2,171.4285714,14,,,,,,,,,,,,0.8,0,0
Martin Guptill,13,270,22.5,12,137.755102,196,,,,,,,,,,,,0.8,0,1
Peter Handscomb,1,6,6,1,50,12,,,,,,,,,,,,0.8,0,1
Travis Head,10,205,29.28571429,7,138.5135135,148,,,,,,,,,,,,0.8,0,1
Ishan Kishan,33,705,21.36363636,33,132.7683616,531,,,,,,,,,,,,0.8,0,0
Chris Jordan,2,3,1.5,2,60,5,,,,,,,,,,,,0.8,0,1
Shivil Kaushik,1,0,0,1,0,1,,,,,,,,,,,,0.8,0,0
Usman Khawaja,6,127,21.16666667,6,127,100,,,,,,,,,,,,0.8,0,1
Colin Munro,12,177,14.75,12,125.5319149,141,,,,,,,,,,,,0.8,0,1
Nikhil Naik,3,30,10,3,63.82978723,47,,,,,,,,,,,,0.8,0,0
Krunal Pandya,46,890,25.42857143,35,145.9016393,610,,,,,,,,,,,,0.8,0,0
Rishabh Pant,54,1736,36.16666667,48,162.6991565,1067,,,,,,,,,,,,0.8,0,0
Nitish Rana,40,1082,30.05555556,36,135.0811486,801,,,,,,,,,,,,0.8,0,0
P Sahu,2,19,19,1,146.1538462,13,,,,,,,,,,,,0.8,0,0
Marcus Stoinis,24,473,33.78571429,14,130.3030303,363,,,,,,,,,,,,0.8,0,1
Swapnil Singh,3,12,4,3,60,20,,,,,,,,,,,,0.8,0,0
Adam Zampa,2,5,2.5,2,62.5,8,,,,,,,,,,,,0.8,0,1
Samuel Badree,5,13,2.6,5,56.52173913,23,,,,,,,,,,,,0.8,0,1
Vijay Shankar,27,557,30.94444444,18,133.8942308,416,,,,,,,,,,,,0.8,0,0
Trent Boult,4,12,6,2,85.71428571,14,,,,,,,,,,,,0.8,0,1
Deepak Chahar,7,71,11.83333333,6,131.4814815,54,,,,,,,,,,,,0.8,0,0
Kuldeep Yadav,8,44,11,4,81.48148148,54,,,,,,,,,,,,0.8,0,0
Adam Milne,3,7,3.5,2,58.33333333,12,,,,,,,,,,,,0.8,0,1
Ankit Bawne,1,12,12,1,100,12,,,,,,,,,,,,0.8,0,0
Ankit Soni,3,7,3.5,2,77.77777778,9,,,,,,,,,,,,0.8,0,0
Basil Thampi,7,32,32,1,91.42857143,35,,,,,,,,,,,,0.8,0,0
Darren Bravo,1,6,6,0,120,5,,,,,,,,,,,,0.8,0,1
Rahul Chahar,5,15,7.5,2,115.3846154,13,,,,,,,,,,,,0.8,0,0
Aniket Choudhary,3,25,25,1,125,20,,,,,,,,,,,,0.8,0,0
Colin de Grandhomme,21,303,18.9375,16,134.6666667,225,,,,,,,,,,,,0.8,0,1
Lockie Ferguson,1,1,1,0,100,1,,,,,,,,,,,,0.8,0,1
Sheldon Jackson,3,38,19,2,122.5806452,31,,,,,,,,,,,,0.8,0,0
Tymal Mills,3,8,2.666666667,3,72.72727273,11,,,,,,,,,,,,0.8,0,1
Mohammad Nabi,10,135,15,9,148.3516484,91,,,,,,,,,,,,0.8,0,1
Kagiso Rabada,7,69,11.5,6,87.34177215,79,,,,,,,,,,,,0.8,0,1
Rashid Khan,17,104,8.666666667,12,165.0793651,63,,,,,,,,,,,,0.8,0,1
Jason Roy,8,179,29.83333333,6,124.3055556,144,,,,,,,,,,,,0.8,0,1
Ben Stokes,32,635,22.67857143,28,132.016632,481,,,,,,,,,,,,0.8,0,1
Rahul Tripathi,33,758,26.13793103,29,137.3188406,552,,,,,,,,,,,,0.8,0,0
Andrew Tye,12,85,10.625,8,121.4285714,70,,,,,,,,,,,,0.8,0,1
Vishnu Vinod,3,19,6.333333333,3,73.07692308,26,,,,,,,,,,,,0.8,0,0
Washington Sundar,12,75,12.5,6,141.509434,53,,,,,,,,,,,,0.8,0,0
Chris Woakes,11,62,10.33333333,6,95.38461538,65,,,,,,,,,,,,0.8,0,1
Mustafizur Rahman,1,1,1,1,33.33333333,3,,,,,,,,,,,,0.8,0,1
Mohammed Siraj,6,29,9.666666667,3,80.55555556,36,,,,,,,,,,,,0.8,0,0
Billy Stanlake,1,5,5,0,250,2,,,,,,,,,,,,0.8,0,1
Abhishek Sharma,6,72,24,3,171.4285714,42,,,,,,,,,,,,0.8,0,0
Moeen Ali,14,297,24.75,12,165.9217877,179,,,,,,,,,,,,0.8,0,1
Jofra Archer,11,82,11.71428571,7,134.4262295,61,,,,,,,,,,,,0.8,0,1
Ricky Bhui,2,7,3.5,2,41.17647059,17,,,,,,,,,,,,0.8,0,0
Prashant Chopra,1,8,8,1,133.3333333,6,,,,,,,,,,,,0.8,0,0
Tom Curran,4,23,7.666666667,3,82.14285714,28,,,,,,,,,,,,0.8,0,1
Akila Dananjaya,1,4,4,0,80,5,,,,,,,,,,,,0.8,0,1
K Gowtham,17,144,12,12,173.4939759,83,,,,,,,,,,,,0.8,0,0
Alex Hales,6,148,24.66666667,6,125.4237288,118,,,,,,,,,,,,0.8,0,1
Heinrich Klaasen,5,60,12,5,120,50,,,,,,,,,,,,0.8,0,1
Evin Lewis,16,430,26.875,16,131.097561,328,,,,,,,,,,,,0.8,0,1
Mahipal Lomror,3,28,14,2,116.6666667,24,,,,,,,,,,,,0.8,0,0
Mayank Markande,7,27,9,3,93.10344828,29,,,,,,,,,,,,0.8,0,0
Mujeeb Ur Rahman,4,10,5,2,90.90909091,11,,,,,,,,,,,,0.8,0,1
Liam Plunkett,2,1,1,1,33.33333333,3,,,,,,,,,,,,0.8,0,1
Prasidh Krishna,2,1,1,1,14.28571429,7,,,,,,,,,,,,0.8,0,0
Javon Searles,2,8,8,1,133.3333333,6,,,,,,,,,,,,0.8,0,1
Prithvi Shaw,25,598,23.92,25,141.0377358,424,,,,,,,,,,,,0.8,0,0
Shivam Mavi,3,13,4.333333333,3,86.66666667,15,,,,,,,,,,,,0.8,0,0
Dhruv Shorey,2,13,6.5,2,76.47058824,17,,,,,,,,,,,,0.8,0,0
Darcy Short,7,115,16.42857143,7,116.1616162,99,,,,,,,,,,,,0.8,0,1
Rinku Singh,7,66,11,6,101.5384615,65,,,,,,,,,,,,0.8,0,0
Ish Sodhi,2,7,3.5,2,41.17647059,17,,,,,,,,,,,,0.8,0,1
Mark Wood,1,1,1,1,33.33333333,3,,,,,,,,,,,,0.8,0,1
Shubman Gill,23,499,33.26666667,15,132.3607427,377,,,,,,,,,,,,0.8,0,0
Avesh Khan,1,4,4,0,133.3333333,3,,,,,,,,,,,,0.8,0,0
Khaleel Ahmed,1,0,0,1,0,1,,,,,,,,,,,,0.8,0,0
Sandeep Lamichhane,1,0,0,1,0,1,,,,,,,,,,,,0.8,0,1
Harry Gurney,1,1,1,0,20,5,,,,,,,,,,,,0.8,0,1
Yarra Prithvi Raj,1,0,0,0,0,1,,,,,,,,,,,,0.8,0,0
Rasikh Salam,1,5,5,0,125,4,,,,,,,,,,,,0.8,0,0
Navdeep Saini,1,2,2,1,66.66666667,3,,,,,,,,,,,,0.8,0,0
Shivam Dube,4,40,13.33333333,3,121.2121212,33,,,,,,,,,,,,0.8,0,0
Alzarri Joseph,1,15,15,0,115.3846154,13,,,,,,,,,,,,0.8,0,1
Prayas Ray Barman,1,19,19,1,79.16666667,24,,,,,,,,,,,,0.8,0,0
Shimron Hetmyer,5,90,18,5,123.2876712,73,,,,,,,,,,,,0.8,0,1
Simran Singh,1,16,16,1,94.11764706,17,,,,,,,,,,,,0.8,0,0
Siddesh Lad,1,15,15,1,115.3846154,13,,,,,,,,,,,,0.8,0,0
Joe Denly,1,0,0,1,0,1,,,,,,,,,,,,0.8,0,1
Harpreet Brar,1,20,20,0,166.6666667,12,,,,,,,,,,,,0.8,0,0
Jonny Bairstow,10,445,55.625,8,157.2438163,283,,,,,,,,,,,,0.8,0,1
Sam Curran,8,95,23.75,4,172.7272727,55,,,,,,,,,,,,0.8,0,1
Riyan Parag,5,160,32,5,126.984127,126,,,,,,,,,,,,0.8,0,0
Liam Livingstone,3,59,19.66666667,3,143.902439,41,,,,,,,,,,,,0.8,0,1
Keemo Paul,6,18,3.6,5,75,24,,,,,,,,,,,,0.8,0,1
Nicholas Pooran,6,168,28,6,157.0093458,107,,,,,,,,,,,,0.8,0,1
Sherfane Rutherford,7,73,14.6,5,135.1851852,54,,,,,,,,,,,,0.8,0,1
Mitchell Santner,2,32,32,1,139.1304348,23,,,,,,,,,,,,0.8,0,1
Ashton Turner,4,3,1,3,30,10,,,,,,,,,,,,0.8,0,1
Hardus Viljoen,3,3,1.5,2,42.85714286,7,,,,,,,,,,,,0.8,0,1
